family,name,id,source,kind,path,status,bytes,width,height,at
"baseItem","treeBirch",25933,4096,"mask","/static/herobundles/baseItem/treeBirch/treeBirch_mask_4096.webp?54=pv",200,897580,4096,4096,"2026-10-03T05:15:53.478Z"
"baseItem","treeBirch",25933,4096,"aaid","/static/herobundles/baseItem/treeBirch/treeBirch_aaid_4096.png?54=pv",200,271451,4096,4096,"2026-10-03T05:15:54.395Z"
"baseItem","treeBirch",25933,4096,"nrml","/static/herobundles/baseItem/treeBirch/treeBirch_nrml_4096.webp?54=pv",200,2049540,4096,4096,"2026-10-03T05:15:54.759Z"
"hairZ","longStraightFullCombinedBraids",26684,2048,"mask","/static/herobundles/hairZ/longStraightFullCombinedBraids/longStraightFullCombinedBraids_mask_2048.webp?16=pv",200,315918,2048,2048,"2026-10-03T05:15:55.751Z"
"hairZ","longStraightFullCombinedBraids",26684,2048,"aaid","/static/herobundles/hairZ/longStraightFullCombinedBraids/longStraightFullCombinedBraids_aaid_2048.png?16=pv",200,20298,2048,2048,"2026-10-03T05:15:56.158Z"
"hairZ","longStraightFullCombinedBraids",26684,2048,"nrml","/static/herobundles/hairZ/longStraightFullCombinedBraids/longStraightFullCombinedBraids_nrml_2048.webp?16=pv",200,539420,2048,2048,"2026-10-03T05:15:56.421Z"
"tailShared","horseNightmare",22228,2048,"mask","/static/herobundles/tailShared/horseNightmare/horseNightmare_mask_2048.webp?26=pv",200,512638,2048,2048,"2026-10-03T05:15:56.695Z"
"tailShared","horseNightmare",22228,2048,"aaid","/static/herobundles/tailShared/horseNightmare/horseNightmare_aaid_2048.png?26=pv",200,634207,2048,2048,"2026-10-03T05:15:56.967Z"
"tailShared","horseNightmare",22228,2048,"nrml","/static/herobundles/tailShared/horseNightmare/horseNightmare_nrml_2048.webp?26=pv",200,534576,2048,2048,"2026-10-03T05:15:57.242Z"
"horseBody","horseClydesdale",26129,4096,"mask","/static/herobundles/horseBody/horseClydesdale/horseClydesdale_mask_4096.webp?124=pv",200,563806,4096,4096,"2026-10-03T05:15:57.712Z"
"horseBody","horseClydesdale",26129,4096,"aaid","/static/herobundles/horseBody/horseClydesdale/horseClydesdale_aaid_4096.png?124=pv",200,1137180,4096,4096,"2026-10-03T05:15:57.996Z"
"horseBody","horseClydesdale",26129,4096,"nrml","/static/herobundles/horseBody/horseClydesdale/horseClydesdale_nrml_4096.webp?124=pv",200,1139482,4096,4096,"2026-10-03T05:15:58.629Z"
"camelBody","camel",26350,4096,"mask","/static/herobundles/camelBody/camel/camel_mask_4096.webp?94=pv",200,563806,4096,4096,"2026-10-03T05:15:58.993Z"
"camelBody","camel",26350,4096,"aaid","/static/herobundles/camelBody/camel/camel_aaid_4096.png?94=pv",200,1307888,4096,4096,"2026-10-03T05:15:59.477Z"
"camelBody","camel",26350,4096,"nrml","/static/herobundles/camelBody/camel/camel_nrml_4096.webp?94=pv",200,1221864,4096,4096,"2026-10-03T05:16:00.141Z"
"wingSharedR","birdEpicOpen",24719,2048,"mask","/static/herobundles/wingSharedR/birdEpicOpen/birdEpicOpen_mask_2048.webp?69=pv",200,612690,2048,2048,"2026-10-03T05:16:01.039Z"
"wingSharedR","birdEpicOpen",24719,2048,"aaid","/static/herobundles/wingSharedR/birdEpicOpen/birdEpicOpen_aaid_2048.png?69=pv",200,423880,2048,2048,"2026-10-03T05:16:01.275Z"
"wingSharedR","birdEpicOpen",24719,2048,"nrml","/static/herobundles/wingSharedR/birdEpicOpen/birdEpicOpen_nrml_2048.webp?69=pv",200,679542,2048,2048,"2026-10-03T05:16:01.741Z"
"beardLower","dwarvenMaleTextured03",24482,2048,"mask","/static/herobundles/beardLower/dwarvenMaleTextured03/dwarvenMaleTextured03_mask_2048.webp?64=pv",200,506244,2048,2048,"2026-10-03T05:16:02.084Z"
"beardLower","dwarvenMaleTextured03",24482,2048,"aaid","/static/herobundles/beardLower/dwarvenMaleTextured03/dwarvenMaleTextured03_aaid_2048.png?64=pv",200,80399,2048,2048,"2026-10-03T05:16:02.469Z"
"beardLower","dwarvenMaleTextured03",24482,2048,"nrml","/static/herobundles/beardLower/dwarvenMaleTextured03/dwarvenMaleTextured03_nrml_2048.webp?64=pv",200,490852,2048,2048,"2026-10-03T05:16:02.757Z"
"base","hexGrassWild",22054,2048,"mask","/static/herobundles/base/hexGrassWild/hexGrassWild_mask_2048.webp?46=pv",200,759312,2048,2048,"2026-10-03T05:16:03.122Z"
"base","hexGrassWild",22054,2048,"aaid","/static/herobundles/base/hexGrassWild/hexGrassWild_aaid_2048.png?46=pv",200,454748,2048,2048,"2026-10-03T05:16:03.483Z"
"base","hexGrassWild",22054,2048,"nrml","/static/herobundles/base/hexGrassWild/hexGrassWild_nrml_2048.webp?46=pv",200,897232,2048,2048,"2026-10-03T05:16:03.793Z"
"itemR","heavyTripleRotary",11550,2048,"mask","/static/herobundles/itemR/heavyTripleRotary/heavyTripleRotary_mask_2048.webp?26=pv",200,616398,2048,2048,"2026-10-03T05:16:04.382Z"
"itemR","heavyTripleRotary",11550,2048,"aaid","/static/herobundles/itemR/heavyTripleRotary/heavyTripleRotary_aaid_2048.png?26=pv",200,225208,2048,2048,"2026-10-03T05:16:04.644Z"
"itemR","heavyTripleRotary",11550,2048,"nrml","/static/herobundles/itemR/heavyTripleRotary/heavyTripleRotary_nrml_2048.webp?26=pv",200,677704,2048,2048,"2026-10-03T05:16:04.776Z"
"primitive","cube",24532,1024,"mask","/static/herobundles/primitive/cube/cube_mask_1024.webp?36=pv",200,9924,1024,1024,"2026-10-03T05:16:05.254Z"
"primitive","cube",24532,1024,"nrml","/static/herobundles/primitive/cube/cube_nrml_1024.webp?36=pv",200,7576,1024,1024,"2026-10-03T05:16:05.297Z"
"baseRim","roundDwarvenStoneRim",23042,1024,"mask","/static/herobundles/baseRim/roundDwarvenStoneRim/roundDwarvenStoneRim_mask_1024.webp?20=pv",200,69730,1024,1024,"2026-10-03T05:16:05.394Z"
"baseRim","roundDwarvenStoneRim",23042,1024,"aaid","/static/herobundles/baseRim/roundDwarvenStoneRim/roundDwarvenStoneRim_aaid_1024.png?20=pv",200,67748,1024,1024,"2026-10-03T05:16:05.546Z"
"baseRim","roundDwarvenStoneRim",23042,1024,"nrml","/static/herobundles/baseRim/roundDwarvenStoneRim/roundDwarvenStoneRim_nrml_1024.webp?20=pv",200,127964,1024,1024,"2026-10-03T05:16:05.800Z"
