family,status,scope,catalog_sizes,metadata_max,report_instances,wilds_instances,wilds_source_sizes,wilds_packed_sizes,wilds_packed_pixels,reason,remaining_evidence
amphBody,UNKNOWN,source-family; host placement may change ownership,256|512,512,0,0,,,0,Catalog source family; no isolated live promotion/restore trial.,Representative loaded host; decoded native source triple; OFF/ON packing and material binding; visual/performance and rollback gate.
armR,UNKNOWN,source-family; host placement may change ownership,8|128|256|512|1024,1024,2,0,,,0,Catalog source family; no isolated live promotion/restore trial.,Representative loaded host; decoded native source triple; OFF/ON packing and material binding; visual/performance and rollback gate.
armWingsR,UNKNOWN,source-family; host placement may change ownership,1024,1024,0,0,,,0,Catalog source family; no isolated live promotion/restore trial.,Representative loaded host; decoded native source triple; OFF/ON packing and material binding; visual/performance and rollback gate.
attach,UNKNOWN,source-family; host placement may change ownership,128|256|512,512,8,0,,,0,Catalog source family; no isolated live promotion/restore trial.,Representative loaded host; decoded native source triple; OFF/ON packing and material binding; visual/performance and rollback gate.
attachR,UNKNOWN,source-family; host placement may change ownership,64|128|256|512|1024|2048,2048,169,0,,,0,Catalog source family; no isolated live promotion/restore trial.,Representative loaded host; decoded native source triple; OFF/ON packing and material binding; visual/performance and rollback gate.
back,UNKNOWN,source-family; host placement may change ownership,256|512|1024|2048,2048,60,0,,,0,Catalog source family; no isolated live promotion/restore trial.,Representative loaded host; decoded native source triple; OFF/ON packing and material binding; visual/performance and rollback gate.
backAttach,UNKNOWN,source-family; host placement may change ownership,256|512,512,0,0,,,0,Catalog source family; no isolated live promotion/restore trial.,Representative loaded host; decoded native source triple; OFF/ON packing and material binding; visual/performance and rollback gate.
badger,UNKNOWN,source-family; host placement may change ownership,1024,1024,0,0,,,0,Catalog source family; no isolated live promotion/restore trial.,Representative loaded host; decoded native source triple; OFF/ON packing and material binding; visual/performance and rollback gate.
base,CONFIRMED GAP,source-family; host placement may change ownership,32|256|512|1024|2048|4096,4096,30,1,2048,2048,4194304,Native atlas host is present; only native core keys and active decals currently receive HR policy.,Per-host allocation gain without regressions; supported-source load and visual/performance/restore gate.
baseCollision,INTENTIONALLY NATIVE,source-family; host placement may change ownership,256|512|1024|2048,2048,0,0,,,0,Solid/collision semantic or non-rendering resource; atlas upscaling cannot create raster detail.,None for ownership disposition; mixed procedural subtypes require per-part checks.
baseItem,CONFIRMED GAP,source-family; host placement may change ownership,128|256|512|1024|2048|4096,4096,207,1,512,256,65536,Native atlas host is present; only native core keys and active decals currently receive HR policy.,Per-host allocation gain without regressions; supported-source load and visual/performance/restore gate.
baseRim,CONFIRMED GAP,source-family; host placement may change ownership,512|1024|2048,2048,1,1,2048,1024,1048576,Native atlas host is present; only native core keys and active decals currently receive HR policy.,Per-host allocation gain without regressions; supported-source load and visual/performance/restore gate.
batBody,UNKNOWN,source-family; host placement may change ownership,1024,1024,0,0,,,0,Catalog source family; no isolated live promotion/restore trial.,Representative loaded host; decoded native source triple; OFF/ON packing and material binding; visual/performance and rollback gate.
bearBody,UNKNOWN,source-family; host placement may change ownership,2048,2048,0,0,,,0,Catalog source family; no isolated live promotion/restore trial.,Representative loaded host; decoded native source triple; OFF/ON packing and material binding; visual/performance and rollback gate.
beard,UNKNOWN,source-family; host placement may change ownership,64|128|256|512,512,0,0,,,0,Catalog source family; no isolated live promotion/restore trial.,Representative loaded host; decoded native source triple; OFF/ON packing and material binding; visual/performance and rollback gate.
beardLower,UNKNOWN,source-family; host placement may change ownership,128|256|512|1024|2048,2048,3,0,,,0,Catalog source family; no isolated live promotion/restore trial.,Representative loaded host; decoded native source triple; OFF/ON packing and material binding; visual/performance and rollback gate.
beardUpper,UNKNOWN,source-family; host placement may change ownership,64|128|256|512,512,0,0,,,0,Catalog source family; no isolated live promotion/restore trial.,Representative loaded host; decoded native source triple; OFF/ON packing and material binding; visual/performance and rollback gate.
blank,INTENTIONALLY NATIVE,source-family; host placement may change ownership,256,256,2,0,,,0,Solid/collision semantic or non-rendering resource; atlas upscaling cannot create raster detail.,None for ownership disposition; mixed procedural subtypes require per-part checks.
boarBody,UNKNOWN,source-family; host placement may change ownership,2048,2048,0,0,,,0,Catalog source family; no isolated live promotion/restore trial.,Representative loaded host; decoded native source triple; OFF/ON packing and material binding; visual/performance and rollback gate.
boarTuskR,UNKNOWN,source-family; host placement may change ownership,128|512,512,0,0,,,0,Catalog source family; no isolated live promotion/restore trial.,Representative loaded host; decoded native source triple; OFF/ON packing and material binding; visual/performance and rollback gate.
body,UNKNOWN,source-family; host placement may change ownership,1024,1024,0,0,,,0,Catalog source family; no isolated live promotion/restore trial.,Representative loaded host; decoded native source triple; OFF/ON packing and material binding; visual/performance and rollback gate.
bodyLower,ACCOUNTED FOR,source-family; host placement may change ownership,512|1024,1024,7,1,2048,2048,4194304,Native core slot policy plus #32 supported AAID binding; KB copies do not inherit core-slot ownership.,High-native-source downsize and non-core copies remain separate gap rows; #34 verifier cause still unproved.
bodyMiscArmsR,UNKNOWN,source-family; host placement may change ownership,128|256|512,512,6,0,,,0,Catalog source family; no isolated live promotion/restore trial.,Representative loaded host; decoded native source triple; OFF/ON packing and material binding; visual/performance and rollback gate.
bodyMiscBack,UNKNOWN,source-family; host placement may change ownership,256|512|2048,2048,2,0,,,0,Catalog source family; no isolated live promotion/restore trial.,Representative loaded host; decoded native source triple; OFF/ON packing and material binding; visual/performance and rollback gate.
bodyMiscHead,UNKNOWN,source-family; host placement may change ownership,64|128|256|512,512,1,0,,,0,Catalog source family; no isolated live promotion/restore trial.,Representative loaded host; decoded native source triple; OFF/ON packing and material binding; visual/performance and rollback gate.
bodyMiscLegsR,UNKNOWN,source-family; host placement may change ownership,128|256|512|1024,1024,16,0,,,0,Catalog source family; no isolated live promotion/restore trial.,Representative loaded host; decoded native source triple; OFF/ON packing and material binding; visual/performance and rollback gate.
bodyUpper,ACCOUNTED FOR,source-family; host placement may change ownership,512|1024|2048,2048,7,2,2048,512|2048,4456448,Native core slot policy plus #32 supported AAID binding; KB copies do not inherit core-slot ownership.,High-native-source downsize and non-core copies remain separate gap rows; #34 verifier cause still unproved.
camelBody,UNKNOWN,source-family; host placement may change ownership,4096,4096,0,0,,,0,Catalog source family; no isolated live promotion/restore trial.,Representative loaded host; decoded native source triple; OFF/ON packing and material binding; visual/performance and rollback gate.
canineBody,UNKNOWN,source-family; host placement may change ownership,1024|2048,2048,0,0,,,0,Catalog source family; no isolated live promotion/restore trial.,Representative loaded host; decoded native source triple; OFF/ON packing and material binding; visual/performance and rollback gate.
chest,CONFIRMED GAP,source-family; host placement may change ownership,256|512|1024|2048|4096,4096,15,2,1024,512,524288,Native atlas host is present; only native core keys and active decals currently receive HR policy.,Per-host allocation gain without regressions; supported-source load and visual/performance/restore gate.
chick,UNKNOWN,source-family; host placement may change ownership,128,128,0,0,,,0,Catalog source family; no isolated live promotion/restore trial.,Representative loaded host; decoded native source triple; OFF/ON packing and material binding; visual/performance and rollback gate.
chickenBody,UNKNOWN,source-family; host placement may change ownership,512,512,0,0,,,0,Catalog source family; no isolated live promotion/restore trial.,Representative loaded host; decoded native source triple; OFF/ON packing and material binding; visual/performance and rollback gate.
dragonishBody,UNKNOWN,source-family; host placement may change ownership,512,512,0,0,,,0,Catalog source family; no isolated live promotion/restore trial.,Representative loaded host; decoded native source triple; OFF/ON packing and material binding; visual/performance and rollback gate.
duckBody,UNKNOWN,source-family; host placement may change ownership,256|512,512,0,0,,,0,Catalog source family; no isolated live promotion/restore trial.,Representative loaded host; decoded native source triple; OFF/ON packing and material binding; visual/performance and rollback gate.
earR,UNKNOWN,source-family; host placement may change ownership,64|128|512,512,0,0,,,0,Catalog source family; no isolated live promotion/restore trial.,Representative loaded host; decoded native source triple; OFF/ON packing and material binding; visual/performance and rollback gate.
earSharedR,CONFIRMED GAP,source-family; host placement may change ownership,64|128|256|512,512,35,1,512,128,16384,Native atlas host is present; only native core keys and active decals currently receive HR policy.,Per-host allocation gain without regressions; supported-source load and visual/performance/restore gate.
earringsBelly,UNKNOWN,source-family; host placement may change ownership,512,512,0,0,,,0,Catalog source family; no isolated live promotion/restore trial.,Representative loaded host; decoded native source triple; OFF/ON packing and material binding; visual/performance and rollback gate.
earringsR,CONFIRMED GAP,source-family; host placement may change ownership,32|64|512,512,18,2,64|512,64,8192,Native atlas host is present; only native core keys and active decals currently receive HR policy.,Per-host allocation gain without regressions; supported-source load and visual/performance/restore gate.
earringsSeptum,UNKNOWN,source-family; host placement may change ownership,32|512,512,0,0,,,0,Catalog source family; no isolated live promotion/restore trial.,Representative loaded host; decoded native source triple; OFF/ON packing and material binding; visual/performance and rollback gate.
elkBody,UNKNOWN,source-family; host placement may change ownership,2048,2048,0,0,,,0,Catalog source family; no isolated live promotion/restore trial.,Representative loaded host; decoded native source triple; OFF/ON packing and material binding; visual/performance and rollback gate.
eyeR,OTHER OWNER,source-family; host placement may change ownership,32|64|128|512,512,10,1,512,128,16384,Native eye response uses iris/sclera semantic textures; separate eye paint/response ownership.,Specific eye source variant and controlled eye-quality evidence if expansion requested.
eyebrowR,CONFIRMED GAP,source-family; host placement may change ownership,64|128|512,512,10,1,512,64,4096,Native atlas host is present; only native core keys and active decals currently receive HR policy.,Per-host allocation gain without regressions; supported-source load and visual/performance/restore gate.
eyebrows,UNKNOWN,source-family; host placement may change ownership,64|512,512,0,0,,,0,Catalog source family; no isolated live promotion/restore trial.,Representative loaded host; decoded native source triple; OFF/ON packing and material binding; visual/performance and rollback gate.
face,ACCOUNTED FOR,source-family; host placement may change ownership,1024|2048|4096,4096,5,1,2048,2048,4194304,Native core slot policy plus #32 supported AAID binding; KB copies do not inherit core-slot ownership.,High-native-source downsize and non-core copies remain separate gap rows; #34 verifier cause still unproved.
faceBridge,UNKNOWN,source-family; host placement may change ownership,64|512,512,0,0,,,0,Catalog source family; no isolated live promotion/restore trial.,Representative loaded host; decoded native source triple; OFF/ON packing and material binding; visual/performance and rollback gate.
faceLower,UNKNOWN,source-family; host placement may change ownership,32|128|256|512|1024|2048,2048,45,0,,,0,Catalog source family; no isolated live promotion/restore trial.,Representative loaded host; decoded native source triple; OFF/ON packing and material binding; visual/performance and rollback gate.
faceUpper,UNKNOWN,source-family; host placement may change ownership,128|256|512|1024,1024,2,0,,,0,Catalog source family; no isolated live promotion/restore trial.,Representative loaded host; decoded native source triple; OFF/ON packing and material binding; visual/performance and rollback gate.
feetR,CONFIRMED GAP,source-family; host placement may change ownership,256|512|1024,1024,6,1,512,512,262144,Native atlas host is present; only native core keys and active decals currently receive HR policy.,Per-host allocation gain without regressions; supported-source load and visual/performance/restore gate.
felineBody,UNKNOWN,source-family; host placement may change ownership,512|1024|2048,2048,0,0,,,0,Catalog source family; no isolated live promotion/restore trial.,Representative loaded host; decoded native source triple; OFF/ON packing and material binding; visual/performance and rollback gate.
felineLargeBody,UNKNOWN,source-family; host placement may change ownership,2048,2048,0,0,,,0,Catalog source family; no isolated live promotion/restore trial.,Representative loaded host; decoded native source triple; OFF/ON packing and material binding; visual/performance and rollback gate.
fennecBody,UNKNOWN,source-family; host placement may change ownership,512,512,0,0,,,0,Catalog source family; no isolated live promotion/restore trial.,Representative loaded host; decoded native source triple; OFF/ON packing and material binding; visual/performance and rollback gate.
glovesR,CONFIRMED GAP,source-family; host placement may change ownership,128|256|512|1024,1024,14,2,256,256,131072,Native atlas host is present; only native core keys and active decals currently receive HR policy.,Per-host allocation gain without regressions; supported-source load and visual/performance/restore gate.
griffonBody,UNKNOWN,source-family; host placement may change ownership,2048,2048,0,0,,,0,Catalog source family; no isolated live promotion/restore trial.,Representative loaded host; decoded native source triple; OFF/ON packing and material binding; visual/performance and rollback gate.
hair,UNKNOWN,source-family; host placement may change ownership,64|128|256|512|1024,1024,0,0,,,0,Catalog source family; no isolated live promotion/restore trial.,Representative loaded host; decoded native source triple; OFF/ON packing and material binding; visual/performance and rollback gate.
hairZ,CONFIRMED GAP,source-family; host placement may change ownership,64|128|256|512|1024|2048,2048,53,5,256,256,327680,Native atlas host is present; only native core keys and active decals currently receive HR policy.,Per-host allocation gain without regressions; supported-source load and visual/performance/restore gate.
handSlugR,UNKNOWN,source-family; host placement may change ownership,16|64|128|256|512,512,0,0,,,0,Catalog source family; no isolated live promotion/restore trial.,Representative loaded host; decoded native source triple; OFF/ON packing and material binding; visual/performance and rollback gate.
hawkBody,UNKNOWN,source-family; host placement may change ownership,256,256,0,0,,,0,Catalog source family; no isolated live promotion/restore trial.,Representative loaded host; decoded native source triple; OFF/ON packing and material binding; visual/performance and rollback gate.
hearingAidsR,UNKNOWN,source-family; host placement may change ownership,512,512,0,0,,,0,Catalog source family; no isolated live promotion/restore trial.,Representative loaded host; decoded native source triple; OFF/ON packing and material binding; visual/performance and rollback gate.
helm,CONFIRMED GAP,source-family; host placement may change ownership,64|128|256|512|1024|2048,2048,46,2,512,128|256,81920,Native atlas host is present; only native core keys and active decals currently receive HR policy.,Per-host allocation gain without regressions; supported-source load and visual/performance/restore gate.
hornBack,UNKNOWN,source-family; host placement may change ownership,256,256,0,0,,,0,Catalog source family; no isolated live promotion/restore trial.,Representative loaded host; decoded native source triple; OFF/ON packing and material binding; visual/performance and rollback gate.
hornBackR,UNKNOWN,source-family; host placement may change ownership,64|128|256,256,0,0,,,0,Catalog source family; no isolated live promotion/restore trial.,Representative loaded host; decoded native source triple; OFF/ON packing and material binding; visual/performance and rollback gate.
hornForehead,UNKNOWN,source-family; host placement may change ownership,64|512,512,0,0,,,0,Catalog source family; no isolated live promotion/restore trial.,Representative loaded host; decoded native source triple; OFF/ON packing and material binding; visual/performance and rollback gate.
hornFront,UNKNOWN,source-family; host placement may change ownership,64|128|256,256,0,0,,,0,Catalog source family; no isolated live promotion/restore trial.,Representative loaded host; decoded native source triple; OFF/ON packing and material binding; visual/performance and rollback gate.
hornFrontR,UNKNOWN,source-family; host placement may change ownership,32|64|128|256|512,512,0,0,,,0,Catalog source family; no isolated live promotion/restore trial.,Representative loaded host; decoded native source triple; OFF/ON packing and material binding; visual/performance and rollback gate.
hornShared,UNKNOWN,source-family; host placement may change ownership,64|128|256|512,512,93,0,,,0,Catalog source family; no isolated live promotion/restore trial.,Representative loaded host; decoded native source triple; OFF/ON packing and material binding; visual/performance and rollback gate.
hornSharedR,CONFIRMED GAP,source-family; host placement may change ownership,32|64|128|256|512|1024,1024,450,1,1024,512,262144,Native atlas host is present; only native core keys and active decals currently receive HR policy.,Per-host allocation gain without regressions; supported-source load and visual/performance/restore gate.
hornSideR,UNKNOWN,source-family; host placement may change ownership,64|128|256|512,512,0,0,,,0,Catalog source family; no isolated live promotion/restore trial.,Representative loaded host; decoded native source triple; OFF/ON packing and material binding; visual/performance and rollback gate.
hornTop,UNKNOWN,source-family; host placement may change ownership,128|256|512,512,0,0,,,0,Catalog source family; no isolated live promotion/restore trial.,Representative loaded host; decoded native source triple; OFF/ON packing and material binding; visual/performance and rollback gate.
horseArmor,UNKNOWN,source-family; host placement may change ownership,1024,1024,0,0,,,0,Catalog source family; no isolated live promotion/restore trial.,Representative loaded host; decoded native source triple; OFF/ON packing and material binding; visual/performance and rollback gate.
horseArmorHead,UNKNOWN,source-family; host placement may change ownership,512,512,0,0,,,0,Catalog source family; no isolated live promotion/restore trial.,Representative loaded host; decoded native source triple; OFF/ON packing and material binding; visual/performance and rollback gate.
horseBody,UNKNOWN,source-family; host placement may change ownership,2048|4096,4096,0,0,,,0,Catalog source family; no isolated live promotion/restore trial.,Representative loaded host; decoded native source triple; OFF/ON packing and material binding; visual/performance and rollback gate.
horseFeet,UNKNOWN,source-family; host placement may change ownership,1024,1024,0,0,,,0,Catalog source family; no isolated live promotion/restore trial.,Representative loaded host; decoded native source triple; OFF/ON packing and material binding; visual/performance and rollback gate.
horseMane,UNKNOWN,source-family; host placement may change ownership,512|1024|2048,2048,0,0,,,0,Catalog source family; no isolated live promotion/restore trial.,Representative loaded host; decoded native source triple; OFF/ON packing and material binding; visual/performance and rollback gate.
houndBody,UNKNOWN,source-family; host placement may change ownership,2048,2048,0,0,,,0,Catalog source family; no isolated live promotion/restore trial.,Representative loaded host; decoded native source triple; OFF/ON packing and material binding; visual/performance and rollback gate.
itemAttachR,UNKNOWN,source-family; host placement may change ownership,256,256,0,0,,,0,Catalog source family; no isolated live promotion/restore trial.,Representative loaded host; decoded native source triple; OFF/ON packing and material binding; visual/performance and rollback gate.
itemAttachT,UNKNOWN,source-family; host placement may change ownership,256|1024,1024,0,0,,,0,Catalog source family; no isolated live promotion/restore trial.,Representative loaded host; decoded native source triple; OFF/ON packing and material binding; visual/performance and rollback gate.
itemBindR,CONFIRMED GAP,source-family; host placement may change ownership,128|256|512,512,2,1,512,128,16384,Native atlas host is present; only native core keys and active decals currently receive HR policy.,Per-host allocation gain without regressions; supported-source load and visual/performance/restore gate.
itemR,CONFIRMED GAP,source-family; host placement may change ownership,8|64|128|256|512|1024|2048,2048,665,2,256|1024,256|512,327680,Native atlas host is present; only native core keys and active decals currently receive HR policy.,Per-host allocation gain without regressions; supported-source load and visual/performance/restore gate.
kit,UNKNOWN,source-family; host placement may change ownership,16,16,0,0,,,0,Catalog source family; no isolated live promotion/restore trial.,Representative loaded host; decoded native source triple; OFF/ON packing and material binding; visual/performance and rollback gate.
kneepadsR,UNKNOWN,source-family; host placement may change ownership,128|512,512,2,0,,,0,Catalog source family; no isolated live promotion/restore trial.,Representative loaded host; decoded native source triple; OFF/ON packing and material binding; visual/performance and rollback gate.
label,INTENTIONALLY NATIVE,source-family; host placement may change ownership,256|512|1024|2048,2048,1,1,256,32,1024,"Native procedural/text host, no demonstrated higher raster source.",A demonstrated raster detail defect before allocating more pixels.
legR,UNKNOWN,source-family; host placement may change ownership,16|128|256|512|1024,1024,4,0,,,0,Catalog source family; no isolated live promotion/restore trial.,Representative loaded host; decoded native source triple; OFF/ON packing and material binding; visual/performance and rollback gate.
legs,CONFIRMED GAP,source-family; host placement may change ownership,256|512|1024|2048,2048,11,1,1024,512,262144,Native atlas host is present; only native core keys and active decals currently receive HR policy.,Per-host allocation gain without regressions; supported-source load and visual/performance/restore gate.
leopardBody,UNKNOWN,source-family; host placement may change ownership,2048,2048,0,0,,,0,Catalog source family; no isolated live promotion/restore trial.,Representative loaded host; decoded native source triple; OFF/ON packing and material binding; visual/performance and rollback gate.
leopardMane,UNKNOWN,source-family; host placement may change ownership,2048,2048,0,0,,,0,Catalog source family; no isolated live promotion/restore trial.,Representative loaded host; decoded native source triple; OFF/ON packing and material binding; visual/performance and rollback gate.
mask,UNKNOWN,source-family; host placement may change ownership,128|256|512|1024|2048,2048,1,0,,,0,Catalog source family; no isolated live promotion/restore trial.,Representative loaded host; decoded native source triple; OFF/ON packing and material binding; visual/performance and rollback gate.
mastiffBody,UNKNOWN,source-family; host placement may change ownership,2048,2048,0,0,,,0,Catalog source family; no isolated live promotion/restore trial.,Representative loaded host; decoded native source triple; OFF/ON packing and material binding; visual/performance and rollback gate.
mount,UNKNOWN,source-family; host placement may change ownership,512|1024|2048,2048,32,0,,,0,Catalog source family; no isolated live promotion/restore trial.,Representative loaded host; decoded native source triple; OFF/ON packing and material binding; visual/performance and rollback gate.
mountAttach,UNKNOWN,source-family; host placement may change ownership,256|1024,1024,0,0,,,0,Catalog source family; no isolated live promotion/restore trial.,Representative loaded host; decoded native source triple; OFF/ON packing and material binding; visual/performance and rollback gate.
mountWheelR,UNKNOWN,source-family; host placement may change ownership,512,512,38,0,,,0,Catalog source family; no isolated live promotion/restore trial.,Representative loaded host; decoded native source triple; OFF/ON packing and material binding; visual/performance and rollback gate.
nailsR,UNKNOWN,source-family; host placement may change ownership,512,512,10,0,,,0,Catalog source family; no isolated live promotion/restore trial.,Representative loaded host; decoded native source triple; OFF/ON packing and material binding; visual/performance and rollback gate.
neck,UNKNOWN,source-family; host placement may change ownership,128|256|512|1024,1024,1,0,,,0,Catalog source family; no isolated live promotion/restore trial.,Representative loaded host; decoded native source triple; OFF/ON packing and material binding; visual/performance and rollback gate.
octoBody,UNKNOWN,source-family; host placement may change ownership,512|1024,1024,0,0,,,0,Catalog source family; no isolated live promotion/restore trial.,Representative loaded host; decoded native source triple; OFF/ON packing and material binding; visual/performance and rollback gate.
owlBody,UNKNOWN,source-family; host placement may change ownership,256,256,0,0,,,0,Catalog source family; no isolated live promotion/restore trial.,Representative loaded host; decoded native source triple; OFF/ON packing and material binding; visual/performance and rollback gate.
penguin,UNKNOWN,source-family; host placement may change ownership,256,256,0,0,,,0,Catalog source family; no isolated live promotion/restore trial.,Representative loaded host; decoded native source triple; OFF/ON packing and material binding; visual/performance and rollback gate.
ponyArmor,UNKNOWN,source-family; host placement may change ownership,512,512,0,0,,,0,Catalog source family; no isolated live promotion/restore trial.,Representative loaded host; decoded native source triple; OFF/ON packing and material binding; visual/performance and rollback gate.
ponyArmorHead,UNKNOWN,source-family; host placement may change ownership,512,512,0,0,,,0,Catalog source family; no isolated live promotion/restore trial.,Representative loaded host; decoded native source triple; OFF/ON packing and material binding; visual/performance and rollback gate.
ponyBody,UNKNOWN,source-family; host placement may change ownership,1024,1024,0,0,,,0,Catalog source family; no isolated live promotion/restore trial.,Representative loaded host; decoded native source triple; OFF/ON packing and material binding; visual/performance and rollback gate.
ponyMane,UNKNOWN,source-family; host placement may change ownership,512,512,0,0,,,0,Catalog source family; no isolated live promotion/restore trial.,Representative loaded host; decoded native source triple; OFF/ON packing and material binding; visual/performance and rollback gate.
primitive,UNKNOWN,source-family; host placement may change ownership,512|1024|2048,2048,44,0,,,0,Catalog source family; no isolated live promotion/restore trial.,Representative loaded host; decoded native source triple; OFF/ON packing and material binding; visual/performance and rollback gate.
productVis,UNKNOWN,source-family; host placement may change ownership,256|1024|2048,2048,0,0,,,0,Catalog source family; no isolated live promotion/restore trial.,Representative loaded host; decoded native source triple; OFF/ON packing and material binding; visual/performance and rollback gate.
rabbit,UNKNOWN,source-family; host placement may change ownership,256,256,0,0,,,0,Catalog source family; no isolated live promotion/restore trial.,Representative loaded host; decoded native source triple; OFF/ON packing and material binding; visual/performance and rollback gate.
raccoonBody,UNKNOWN,source-family; host placement may change ownership,1024,1024,0,0,,,0,Catalog source family; no isolated live promotion/restore trial.,Representative loaded host; decoded native source triple; OFF/ON packing and material binding; visual/performance and rollback gate.
ramBody,UNKNOWN,source-family; host placement may change ownership,2048,2048,0,0,,,0,Catalog source family; no isolated live promotion/restore trial.,Representative loaded host; decoded native source triple; OFF/ON packing and material binding; visual/performance and rollback gate.
rapArmor,UNKNOWN,source-family; host placement may change ownership,512,512,0,0,,,0,Catalog source family; no isolated live promotion/restore trial.,Representative loaded host; decoded native source triple; OFF/ON packing and material binding; visual/performance and rollback gate.
rapBody,UNKNOWN,source-family; host placement may change ownership,2048,2048,0,0,,,0,Catalog source family; no isolated live promotion/restore trial.,Representative loaded host; decoded native source triple; OFF/ON packing and material binding; visual/performance and rollback gate.
raptorFeatherForearmR,UNKNOWN,source-family; host placement may change ownership,512,512,0,0,,,0,Catalog source family; no isolated live promotion/restore trial.,Representative loaded host; decoded native source triple; OFF/ON packing and material binding; visual/performance and rollback gate.
raptorFeatherHead,UNKNOWN,source-family; host placement may change ownership,512,512,0,0,,,0,Catalog source family; no isolated live promotion/restore trial.,Representative loaded host; decoded native source triple; OFF/ON packing and material binding; visual/performance and rollback gate.
raptorFeatherTail,UNKNOWN,source-family; host placement may change ownership,1024,1024,0,0,,,0,Catalog source family; no isolated live promotion/restore trial.,Representative loaded host; decoded native source triple; OFF/ON packing and material binding; visual/performance and rollback gate.
raptorFeatherUpperArmR,UNKNOWN,source-family; host placement may change ownership,256,256,0,0,,,0,Catalog source family; no isolated live promotion/restore trial.,Representative loaded host; decoded native source triple; OFF/ON packing and material binding; visual/performance and rollback gate.
ring,CONFIRMED GAP,source-family; host placement may change ownership,512,512,111,2,512,32,2048,Native atlas host is present; only native core keys and active decals currently receive HR policy.,Per-host allocation gain without regressions; supported-source load and visual/performance/restore gate.
roboBody,UNKNOWN,source-family; host placement may change ownership,512,512,0,0,,,0,Catalog source family; no isolated live promotion/restore trial.,Representative loaded host; decoded native source triple; OFF/ON packing and material binding; visual/performance and rollback gate.
roboDroneBody,UNKNOWN,source-family; host placement may change ownership,1024,1024,0,0,,,0,Catalog source family; no isolated live promotion/restore trial.,Representative loaded host; decoded native source triple; OFF/ON packing and material binding; visual/performance and rollback gate.
roboTreadBody,UNKNOWN,source-family; host placement may change ownership,512,512,0,0,,,0,Catalog source family; no isolated live promotion/restore trial.,Representative loaded host; decoded native source triple; OFF/ON packing and material binding; visual/performance and rollback gate.
saddleShared,UNKNOWN,source-family; host placement may change ownership,1024|2048,2048,0,0,,,0,Catalog source family; no isolated live promotion/restore trial.,Representative loaded host; decoded native source triple; OFF/ON packing and material binding; visual/performance and rollback gate.
scene,UNKNOWN,source-family; host placement may change ownership,2048,2048,0,0,,,0,Catalog source family; no isolated live promotion/restore trial.,Representative loaded host; decoded native source triple; OFF/ON packing and material binding; visual/performance and rollback gate.
shaderball,UNKNOWN,source-family; host placement may change ownership,128,128,0,0,,,0,Catalog source family; no isolated live promotion/restore trial.,Representative loaded host; decoded native source triple; OFF/ON packing and material binding; visual/performance and rollback gate.
shouldersR,UNKNOWN,source-family; host placement may change ownership,256|512|1024,1024,108,0,,,0,Catalog source family; no isolated live promotion/restore trial.,Representative loaded host; decoded native source triple; OFF/ON packing and material binding; visual/performance and rollback gate.
sideAttachR,UNKNOWN,source-family; host placement may change ownership,256,256,0,0,,,0,Catalog source family; no isolated live promotion/restore trial.,Representative loaded host; decoded native source triple; OFF/ON packing and material binding; visual/performance and rollback gate.
sideR,UNKNOWN,source-family; host placement may change ownership,128|256|512,512,0,0,,,0,Catalog source family; no isolated live promotion/restore trial.,Representative loaded host; decoded native source triple; OFF/ON packing and material binding; visual/performance and rollback gate.
slugBody,UNKNOWN,source-family; host placement may change ownership,512,512,0,0,,,0,Catalog source family; no isolated live promotion/restore trial.,Representative loaded host; decoded native source triple; OFF/ON packing and material binding; visual/performance and rollback gate.
slugMountBody,UNKNOWN,source-family; host placement may change ownership,2048|4096,4096,0,0,,,0,Catalog source family; no isolated live promotion/restore trial.,Representative loaded host; decoded native source triple; OFF/ON packing and material binding; visual/performance and rollback gate.
snakeBody,UNKNOWN,source-family; host placement may change ownership,512|1024,1024,0,0,,,0,Catalog source family; no isolated live promotion/restore trial.,Representative loaded host; decoded native source triple; OFF/ON packing and material binding; visual/performance and rollback gate.
sockR,UNKNOWN,source-family; host placement may change ownership,512|1024,1024,0,0,,,0,Catalog source family; no isolated live promotion/restore trial.,Representative loaded host; decoded native source triple; OFF/ON packing and material binding; visual/performance and rollback gate.
spiderBody,UNKNOWN,source-family; host placement may change ownership,1024,1024,0,0,,,0,Catalog source family; no isolated live promotion/restore trial.,Representative loaded host; decoded native source triple; OFF/ON packing and material binding; visual/performance and rollback gate.
spiderHandheldBody,UNKNOWN,source-family; host placement may change ownership,1024,1024,0,0,,,0,Catalog source family; no isolated live promotion/restore trial.,Representative loaded host; decoded native source triple; OFF/ON packing and material binding; visual/performance and rollback gate.
spiderMountBody,UNKNOWN,source-family; host placement may change ownership,4096,4096,0,0,,,0,Catalog source family; no isolated live promotion/restore trial.,Representative loaded host; decoded native source triple; OFF/ON packing and material binding; visual/performance and rollback gate.
splatter,UNKNOWN,source-family; host placement may change ownership,64|1024,1024,0,0,,,0,Catalog source family; no isolated live promotion/restore trial.,Representative loaded host; decoded native source triple; OFF/ON packing and material binding; visual/performance and rollback gate.
squirrel,UNKNOWN,source-family; host placement may change ownership,256,256,0,0,,,0,Catalog source family; no isolated live promotion/restore trial.,Representative loaded host; decoded native source triple; OFF/ON packing and material binding; visual/performance and rollback gate.
stance,UNKNOWN,source-family; host placement may change ownership,128|256|512,512,0,0,,,0,Catalog source family; no isolated live promotion/restore trial.,Representative loaded host; decoded native source triple; OFF/ON packing and material binding; visual/performance and rollback gate.
supportBackHorn,UNKNOWN,source-family; host placement may change ownership,256,256,0,0,,,0,Catalog source family; no isolated live promotion/restore trial.,Representative loaded host; decoded native source triple; OFF/ON packing and material binding; visual/performance and rollback gate.
supportR,UNKNOWN,source-family; host placement may change ownership,16|32|64|128|256|512,512,0,0,,,0,Catalog source family; no isolated live promotion/restore trial.,Representative loaded host; decoded native source triple; OFF/ON packing and material binding; visual/performance and rollback gate.
tag,UNKNOWN,source-family; host placement may change ownership,128|512,512,0,0,,,0,Catalog source family; no isolated live promotion/restore trial.,Representative loaded host; decoded native source triple; OFF/ON packing and material binding; visual/performance and rollback gate.
tail,UNKNOWN,source-family; host placement may change ownership,128|256|512|1024,1024,0,0,,,0,Catalog source family; no isolated live promotion/restore trial.,Representative loaded host; decoded native source triple; OFF/ON packing and material binding; visual/performance and rollback gate.
tailShared,CONFIRMED GAP,source-family; host placement may change ownership,128|256|512|1024|2048,2048,1355,11,1024,512,2883584,Native atlas host is present; only native core keys and active decals currently receive HR policy.,Per-host allocation gain without regressions; supported-source load and visual/performance/restore gate.
teeth,UNKNOWN,source-family; host placement may change ownership,64|128|256|512,512,0,0,,,0,Catalog source family; no isolated live promotion/restore trial.,Representative loaded host; decoded native source triple; OFF/ON packing and material binding; visual/performance and rollback gate.
teethShared,UNKNOWN,source-family; host placement may change ownership,256,256,0,0,,,0,Catalog source family; no isolated live promotion/restore trial.,Representative loaded host; decoded native source triple; OFF/ON packing and material binding; visual/performance and rollback gate.
teethSharedLower,UNKNOWN,source-family; host placement may change ownership,256|512,512,0,0,,,0,Catalog source family; no isolated live promotion/restore trial.,Representative loaded host; decoded native source triple; OFF/ON packing and material binding; visual/performance and rollback gate.
teethSharedLowerMiddle,CONFIRMED GAP,source-family; host placement may change ownership,64|128|512,512,62,1,512,128,16384,Native atlas host is present; only native core keys and active decals currently receive HR policy.,Per-host allocation gain without regressions; supported-source load and visual/performance/restore gate.
teethSharedUpper,UNKNOWN,source-family; host placement may change ownership,128|256|512,512,0,0,,,0,Catalog source family; no isolated live promotion/restore trial.,Representative loaded host; decoded native source triple; OFF/ON packing and material binding; visual/performance and rollback gate.
teethSharedUpperMiddle,CONFIRMED GAP,source-family; host placement may change ownership,64|128|256|512,512,7,1,128,64,4096,Native atlas host is present; only native core keys and active decals currently receive HR policy.,Per-host allocation gain without regressions; supported-source load and visual/performance/restore gate.
tongue,UNKNOWN,source-family; host placement may change ownership,32|64|512,512,0,0,,,0,Catalog source family; no isolated live promotion/restore trial.,Representative loaded host; decoded native source triple; OFF/ON packing and material binding; visual/performance and rollback gate.
tongueShared,CONFIRMED GAP,source-family; host placement may change ownership,512,512,4,1,512,64,4096,Native atlas host is present; only native core keys and active decals currently receive HR policy.,Per-host allocation gain without regressions; supported-source load and visual/performance/restore gate.
torsoBridge,UNKNOWN,source-family; host placement may change ownership,128,128,0,0,,,0,Catalog source family; no isolated live promotion/restore trial.,Representative loaded host; decoded native source triple; OFF/ON packing and material binding; visual/performance and rollback gate.
wargBody,UNKNOWN,source-family; host placement may change ownership,1024,1024,0,0,,,0,Catalog source family; no isolated live promotion/restore trial.,Representative loaded host; decoded native source triple; OFF/ON packing and material binding; visual/performance and rollback gate.
wingSharedR,UNKNOWN,source-family; host placement may change ownership,512|1024|2048,2048,96,0,,,0,Catalog source family; no isolated live promotion/restore trial.,Representative loaded host; decoded native source triple; OFF/ON packing and material binding; visual/performance and rollback gate.
wingsR,UNKNOWN,source-family; host placement may change ownership,256|512|1024,1024,0,0,,,0,Catalog source family; no isolated live promotion/restore trial.,Representative loaded host; decoded native source triple; OFF/ON packing and material binding; visual/performance and rollback gate.
earringsL,CONFIRMED GAP,runtime mirrored alias of earringsR,alias,512,not independently recounted,2,64|512,64,8192,"Runtime sided placement; source inheritance must be deduplicated, atlas rectangles remain per host.",Compare alias-resolved source identity and actual material image; scoped benefit/restore trial.
eyeL,OTHER OWNER,runtime mirrored alias of eyeR,alias,512,not independently recounted,1,512,128,16384,"Runtime sided placement; source inheritance must be deduplicated, atlas rectangles remain per host.",Compare alias-resolved source identity and actual material image; scoped benefit/restore trial.
eyebrowL,CONFIRMED GAP,runtime mirrored alias of eyebrowR,alias,512,not independently recounted,1,512,64,4096,"Runtime sided placement; source inheritance must be deduplicated, atlas rectangles remain per host.",Compare alias-resolved source identity and actual material image; scoped benefit/restore trial.
feetL,CONFIRMED GAP,runtime mirrored alias of feetR,alias,512,not independently recounted,1,512,512,262144,"Runtime sided placement; source inheritance must be deduplicated, atlas rectangles remain per host.",Compare alias-resolved source identity and actual material image; scoped benefit/restore trial.
glovesL,CONFIRMED GAP,runtime mirrored alias of glovesR,alias,256,not independently recounted,2,256,256,131072,"Runtime sided placement; source inheritance must be deduplicated, atlas rectangles remain per host.",Compare alias-resolved source identity and actual material image; scoped benefit/restore trial.
hornSharedL,CONFIRMED GAP,runtime mirrored alias of hornSharedR,alias,1024,not independently recounted,1,1024,512,262144,"Runtime sided placement; source inheritance must be deduplicated, atlas rectangles remain per host.",Compare alias-resolved source identity and actual material image; scoped benefit/restore trial.
earSharedL,CONFIRMED GAP,runtime mirrored alias of earSharedR,alias,512,not independently recounted,1,512,128,16384,"Runtime sided placement; source inheritance must be deduplicated, atlas rectangles remain per host.",Compare alias-resolved source identity and actual material image; scoped benefit/restore trial.
itemL,CONFIRMED GAP,runtime mirrored alias of itemR,alias,256,not independently recounted,1,256,256,65536,"Runtime sided placement; source inheritance must be deduplicated, atlas rectangles remain per host.",Compare alias-resolved source identity and actual material image; scoped benefit/restore trial.
