family,texture_metadata_parts,bake_sizes,solid_parts,source_aliases,submitted_fixture_instances,max_metadata,example
amphBody,2,256|512,0,0,0,512,toad
armR,19,8|128|256|512|1024,0,0,2,1024,crabLarge
armWingsR,1,1024,0,0,0,1024,batWing
attach,19,128|256|512,0,0,8,512,arrowAcid
attachR,125,64|128|256|512|1024|2048,0,0,169,2048,bunchesSucculent02
back,85,256|512|1024|2048,0,0,60,2048,arcaneMachinist
backAttach,20,256|512,0,0,0,512,arrowAcid
badger,1,1024,0,0,0,1024,badger
base,111,32|256|512|1024|2048|4096,0,0,30,4096,roundBamboo_2x
baseCollision,10,256|512|1024|2048,0,0,0,2048,round2x
baseItem,237,128|256|512|1024|2048|4096,0,0,207,4096,canTrashSpilled
baseRim,45,512|1024|2048,0,0,1,2048,curved2x
batBody,1,1024,0,0,0,1024,bat
bearBody,1,2048,0,0,0,2048,bear
beard,82,64|128|256|512,0,0,0,512,beard03_goblin
beardLower,30,128|256|512|1024|2048,0,0,3,2048,dwarvenMaleTextured03
beardUpper,20,64|128|256|512,0,0,0,512,dwarvenMaleTextured01
blank,1,256,1,0,2,256,blank
boarBody,1,2048,0,0,0,2048,boar
boarTuskR,2,128|512,0,0,0,512,tusk
body,2,1024,0,0,0,1024,human
bodyLower,32,512|1024,0,0,7,1024,apeFolk
bodyMiscArmsR,8,128|256|512,0,0,6,512,fungrilLarge
bodyMiscBack,7,256|512|2048,0,0,2,2048,fungrilWide
bodyMiscHead,14,64|128|256|512,0,0,1,512,crystalLarge
bodyMiscLegsR,16,128|256|512|1024,0,0,16,1024,fungrilLarge
bodyUpper,25,512|1024|2048,0,0,7,2048,furryNew
camelBody,1,4096,0,0,0,4096,camel
canineBody,3,1024|2048,0,0,0,2048,petDogHusky
chest,563,256|512|1024|2048|4096,0,4,15,4096,emperorRegaliaOuter
chick,1,128,0,0,0,128,chick
chickenBody,2,512,0,0,0,512,hen
dragonishBody,1,512,0,0,0,512,pseudodragon
duckBody,2,256|512,0,0,0,512,duck
earR,41,64|128|512,0,0,0,512,dwarf
earSharedR,90,64|128|256|512,0,0,35,512,batFolk
earringsBelly,1,512,0,0,0,512,stud
earringsR,15,32|64|512,0,0,18,512,dropBlood
earringsSeptum,2,32|512,0,0,0,512,doubleSpike
elkBody,1,2048,0,0,0,2048,elk
eyeR,12,32|64|128|512,0,7,10,512,standard
eyebrowR,26,64|128|512,0,0,10,512,angular
eyebrows,6,64|512,0,0,0,512,bushy
face,203,1024|2048|4096,0,106,5,4096,stoatFolk
faceBridge,3,64|512,0,0,0,512,neckStump
faceLower,28,32|128|256|512|1024|2048,0,0,45,2048,fantasyPlate
faceUpper,77,128|256|512|1024,0,4,2,1024,gogglesSteampunkAltNoLens
feetR,305,256|512|1024,0,0,6,1024,assaultArmorFutureNoKnee
felineBody,8,512|1024|2048,0,0,0,2048,dogTeagan
felineLargeBody,1,2048,0,0,0,2048,catLargeFantasy
fennecBody,2,512,0,0,0,512,chihuahua
glovesR,180,128|256|512|1024,0,0,14,1024,airshipCaptain
griffonBody,1,2048,0,0,0,2048,griffon
hair,111,64|128|256|512|1024,0,0,0,1024,fancyBraids
hairZ,155,64|128|256|512|1024|2048,0,0,53,2048,longStraightFullCombinedBraids
handSlugR,24,16|64|128|256|512,0,0,0,512,itemSword1
hawkBody,3,256,0,0,0,256,hawk
hearingAidsR,5,512,0,0,0,512,hearingAidBehindEar
helm,329,64|128|256|512|1024|2048,0,0,46,2048,fungrilDeathCap
hornBack,1,256,0,0,0,256,halo
hornBackR,52,64|128|256,0,0,0,256,alienLargeTubes
hornForehead,3,64|512,0,0,0,512,eyesSpider
hornFront,15,64|128|256,0,0,0,256,tallTwinBound
hornFrontR,50,32|64|128|256|512,0,0,0,512,elk
hornShared,17,64|128|256|512,0,0,93,512,spike
hornSharedR,110,32|64|128|256|512|1024,0,0,450,1024,elkV2
hornSideR,57,64|128|256|512,0,0,0,512,elk
hornTop,9,128|256|512,0,0,0,512,ribbetWater
horseArmor,1,1024,0,0,0,1024,strapsChest
horseArmorHead,1,512,0,0,0,512,bridleStandard
horseBody,3,2048|4096,0,0,0,4096,horseClydesdale
horseFeet,1,1024,0,0,0,1024,nightmare
horseMane,4,512|1024|2048,0,0,0,2048,unicorn
houndBody,1,2048,0,0,0,2048,dogLarge
itemAttachR,10,256,0,0,0,256,arrowAcid
itemAttachT,12,256|1024,0,0,0,1024,arrowStandard
itemBindR,7,128|256|512,0,0,2,512,connect
itemR,1378,8|64|128|256|512|1024|2048,0,0,665,2048,bannerDraping
kit,1,16,0,0,0,16,slotPivots
kneepadsR,33,128|512,0,0,2,512,assaultArmorFuture
label,25,256|512|1024|2048,1,0,1,2048,heroForgeDice
legR,23,16|128|256|512|1024,0,0,4,1024,skeletonThigh
legs,608,256|512|1024|2048,0,46,11,2048,bonesWarriorNoDamage
leopardBody,3,2048,0,0,0,2048,catLargeBattle
leopardMane,1,2048,0,0,0,2048,lionMale
mask,27,128|256|512|1024|2048,0,0,1,2048,maskKitsuneFace
mastiffBody,1,2048,0,0,0,2048,mastiff
mount,15,512|1024|2048,0,0,32,2048,motorcycle
mountAttach,3,256|1024,0,0,0,1024,wheelchairBattleHandles
mountWheelR,3,512,0,0,38,512,wheelchairBattle
nailsR,60,512,0,0,10,512,furryNew
neck,50,128|256|512|1024,0,0,1,1024,coifChainmail
octoBody,2,512|1024,0,0,0,1024,squid
owlBody,1,256,0,0,0,256,owl
penguin,1,256,0,0,0,256,babyPenguin
ponyArmor,1,512,0,0,0,512,strapsChest
ponyArmorHead,1,512,0,0,0,512,bridleStandard
ponyBody,1,1024,0,0,0,1024,pony
ponyMane,1,512,0,0,0,512,pony
primitive,35,512|1024|2048,0,0,44,2048,chain
productVis,8,256|1024|2048,1,0,0,2048,vaultBase
rabbit,1,256,0,0,0,256,rabbit
raccoonBody,1,1024,0,0,0,1024,raccoon
ramBody,1,2048,0,0,0,2048,ram
rapArmor,1,512,0,0,0,512,strapsChest
rapBody,2,2048,0,0,0,2048,raptor
raptorFeatherForearmR,1,512,0,0,0,512,featherForearm
raptorFeatherHead,1,512,0,0,0,512,featherHead
raptorFeatherTail,1,1024,0,0,0,1024,featherTail
raptorFeatherUpperArmR,1,256,0,0,0,256,featherUpperArm
ring,23,512,0,0,111,512,bandCrown
roboBody,1,512,0,0,0,512,roboQuad
roboDroneBody,1,1024,0,0,0,1024,roboDrone
roboTreadBody,1,512,0,0,0,512,roboTread
saddleShared,3,1024|2048,0,0,0,2048,standard_snail
scene,6,2048,0,0,0,2048,forestSide
shaderball,19,128,0,0,0,128,bone
shouldersR,85,256|512|1024,0,0,108,1024,fantasyPlateShield
sideAttachR,10,256,0,0,0,256,arrowAcid
sideR,35,128|256|512,0,0,0,512,katanaWakizashi
slugBody,2,512,0,0,0,512,slug
slugMountBody,2,2048|4096,0,0,0,4096,snail
snakeBody,4,512|1024,0,0,0,1024,eel
sockR,31,512|1024,0,0,0,1024,sockMidFishnet
spiderBody,1,1024,0,0,0,1024,petSpider
spiderHandheldBody,1,1024,0,0,0,1024,petSpiderHandheld
spiderMountBody,1,4096,0,0,0,4096,spiderFantasy
splatter,3,64|1024,0,0,0,1024,placeholder
squirrel,1,256,0,0,0,256,squirrel
stance,8,128|256|512,0,0,0,512,pose57_steel
supportBackHorn,1,256,0,0,0,256,halo
supportR,21,16|32|64|128|256|512,20,0,0,512,footprint_heelMed
tag,2,128|512,1,0,0,512,tagAttachDisplay
tail,33,128|256|512|1024,0,0,0,1024,dragonFinRidge
tailShared,79,128|256|512|1024|2048,0,0,1355,2048,gladiusSpiderLeg
teeth,43,64|128|256|512,0,0,0,512,dragonRidgedTeeth
teethShared,5,256,0,0,0,256,bearTeeth
teethSharedLower,9,256|512,0,0,0,512,camel
teethSharedLowerMiddle,26,64|128|512,0,0,62,512,apeFolk
teethSharedUpper,9,128|256|512,0,0,0,512,camel
teethSharedUpperMiddle,29,64|128|256|512,0,0,7,512,apeFolk
tongue,5,32|64|512,0,0,0,512,ridged
tongueShared,33,512,0,0,4,512,animal
torsoBridge,2,128,0,0,0,128,bodyLower
wargBody,1,1024,0,0,0,1024,warg
wingSharedR,46,512|1024|2048,0,0,96,2048,birdEpicOpen
wingsR,30,256|512|1024,0,0,0,1024,angelEpic
