host,source_id,source_family,source_name,native_baked_size,used_size,packed_width,packed_height,packed_pixels,repeat_count
bodyLower,25057,bodyLower,humanToes,2048,2048,2048,2048,4194304,1
bodyUpper,1963,bodyUpper,human,2048,2048,2048,2048,4194304,1
face,20320,face,humanZ,2048,2048,2048,2048,4194304,1
k_13,25351,tailShared,braidHorse,1024,1024,1024,1024,1048576,11
k_19,25688,hairZ,mediumSweptBackTextured,1024,1024,1024,1024,1048576,3
k_20,25688,hairZ,mediumSweptBackTextured,1024,1024,1024,1024,1048576,3
k_5,25351,tailShared,braidHorse,1024,1024,1024,1024,1048576,11
k_15,23654,hairZ,longVikingMaleTextured,512,512,512,512,262144,5
k_16,23654,hairZ,longVikingMaleTextured,512,512,512,512,262144,5
k_18,23654,hairZ,longVikingMaleTextured,512,512,512,512,262144,5
k_47,25109,legs,skirtAquatic,1024,512,512,512,262144,1
k_6,23654,hairZ,longVikingMaleTextured,512,512,512,512,262144,5
baseRim,10297,baseRim,straight_square,1024,512,512,512,262144,1
glovesL,25288,gloves,simpleJewelryAlt,512,256,256,256,65536,1
k_17,23654,hairZ,longVikingMaleTextured,512,512,256,256,65536,5
k_21,25688,hairZ,mediumSweptBackTextured,1024,1024,256,256,65536,3
k_23,23496,hairZ,dreadsBun,256,256,256,256,65536,1
k_49,22121,item,daggerNightNature,256,256,256,256,65536,1
k_57,20873,chest,harnessLeatherMetalOuter,1024,256,256,256,65536,1
eyeL,177,eye,standard,512,128,128,128,16384,1
eyeR,1512,eye,standard,512,128,128,128,16384,1
teethHumanLowerMiddle,23297,teethSharedLowerMiddle,fcTeethZ,512,128,128,128,16384,1
teethHumanUpperMiddle,23298,teethSharedUpperMiddle,fcTeethZ,512,128,128,128,16384,1
k_22,25351,tailShared,braidHorse,1024,1024,128,128,16384,11
k_24,25351,tailShared,braidHorse,1024,1024,128,128,16384,11
k_25,25351,tailShared,braidHorse,1024,1024,128,128,16384,11
k_26,25351,tailShared,braidHorse,1024,1024,128,128,16384,11
k_31,2419,helm,wovenHeadband,128,128,128,128,16384,1
k_39,2385,helm,sweatband,512,128,128,128,16384,2
k_40,2385,helm,sweatband,512,128,128,128,16384,2
k_48,23962,legs,beltShaolinMonk,1024,128,128,128,16384,1
k_50,10056,item,holySymbolAmuletGem,256,128,128,128,16384,1
eyebrowL,23377,eyebrow,triangle,512,64,64,64,4096,1
eyebrowR,23376,eyebrow,triangle,512,64,64,64,4096,1
humanEarLowerL,20827,earShared,elf,128,64,64,64,4096,1
humanEarLowerR,20826,earShared,elf,128,64,64,64,4096,1
k_0,23745,attach,hotDog,128,64,64,64,4096,2
k_10,25565,primitive,rope,1024,64,64,64,4096,4
k_12,25351,tailShared,braidHorse,1024,1024,64,64,4096,11
k_27,25351,tailShared,braidHorse,1024,1024,64,64,4096,11
k_28,25351,tailShared,braidHorse,1024,1024,64,64,4096,11
k_29,25351,tailShared,braidHorse,1024,1024,64,64,4096,11
k_3,25565,primitive,rope,1024,64,64,64,4096,4
k_30,25351,tailShared,braidHorse,1024,1024,64,64,4096,11
k_33,25542,primitive,linkChain,1024,64,64,64,4096,3
k_34,25542,primitive,linkChain,1024,64,64,64,4096,3
k_35,25542,primitive,linkChain,1024,64,64,64,4096,3
k_41,11768,item,drinkingHornPlain,256,64,64,64,4096,2
k_43,10058,item,holySymbolAmuletStone,256,64,64,64,4096,1
k_44,11768,item,drinkingHornPlain,256,64,64,64,4096,2
k_52,10218,itemBind,cylinderStraps,256,64,64,64,4096,3
k_56,25565,primitive,rope,1024,64,64,64,4096,4
k_58,25539,baseItem,skullHorseSkeletal,1024,64,64,64,4096,1
k_66,25565,primitive,rope,1024,64,64,64,4096,4
k_7,23745,attach,hotDog,128,64,64,64,4096,2
earringsHumanL,11173,earrings,ring04,512,32,32,32,1024,1
k_1,11178,earrings,sphere01,512,32,32,32,1024,5
k_14,11178,earrings,sphere01,512,32,32,32,1024,5
k_2,11178,earrings,sphere01,512,32,32,32,1024,5
k_37,2711,bodyMiscBack,spineSpikes,256,32,32,32,1024,1
k_38,25061,tailShared,horseSkeleton,512,32,32,32,1024,1
k_42,10218,itemBind,cylinderStraps,256,64,32,32,1024,3
k_45,10218,itemBind,cylinderStraps,256,64,32,32,1024,3
k_51,25463,item,tasselEmperorRegalia,512,32,32,32,1024,2
k_53,25463,item,tasselEmperorRegalia,512,32,32,32,1024,2
k_54,2679,ring,plainWeddingBand,512,32,32,32,1024,1
k_55,25486,item,tasselEmperorRegaliaAlt,512,32,32,32,1024,1
k_59,25152,nails,nailsDemonic,512,32,32,32,1024,2
k_60,25152,nails,nailsDemonic,512,32,32,32,1024,2
k_62,11187,earringsSeptum,ring,32,32,32,32,1024,10
k_63,11187,earringsSeptum,ring,32,32,32,32,1024,10
k_8,11178,earrings,sphere01,512,32,32,32,1024,5
k_9,11178,earrings,sphere01,512,32,32,32,1024,5
k_11,22782,hornShared,ridgedHooked,256,16,16,16,256,2
k_4,22782,hornShared,ridgedHooked,256,16,16,16,256,2
k_46,10210,itemBind,squareLeatherStitch,256,16,16,16,256,1
k_32,11176,earrings,plug01,32,8,8,8,64,2
k_36,11176,earrings,plug01,32,8,8,8,64,2
k_61,11187,earringsSeptum,ring,32,32,8,8,64,10
k_64,11187,earringsSeptum,ring,32,32,8,8,64,10
k_65,11187,earringsSeptum,ring,32,32,8,8,64,10
k_67,11187,earringsSeptum,ring,32,32,8,8,64,10
k_68,11187,earringsSeptum,ring,32,32,8,8,64,10
k_69,11187,earringsSeptum,ring,32,32,8,8,64,10
k_70,11187,earringsSeptum,ring,32,32,8,8,64,10
k_71,11187,earringsSeptum,ring,32,32,8,8,64,10
