host,source_id,source_family,source_name,metadata_bake_size,native_baked_size,used_size,packed_width,packed_height,packed_pixels,repeat_count
base,22063,base,squareGrassWild_long,2048,2048,2048,2048,2048,4194304,1
baseItemB,22001,baseItem,grassPatches,512,512,256,256,256,65536,1
baseRim,23049,baseRim,squareDwarvenStoneRim_long,2048,2048,1024,1024,1024,1048576,1
bodyLower,25057,bodyLower,humanToes,2048,2048,2048,2048,2048,4194304,1
bodyUpper,1963,bodyUpper,human,2048,2048,2048,2048,2048,4194304,2
chest,23161,chest,fantasyBarbarian,1024,1024,512,512,512,262144,1
chestOuter,22015,chest,goblinDamagedOuterBand,1024,1024,512,512,512,262144,1
earringsHuman3L,2628,earringsL,ring02,64,64,64,64,64,4096,1
earringsHuman3R,2627,earringsR,ring02,64,64,64,64,64,4096,1
earringsHumanL,2626,earringsL,featherBeads,512,512,64,64,64,4096,1
earringsHumanR,2625,earringsR,featherBeads,512,512,64,64,64,4096,1
eyeL,177,eyeL,standard,512,512,128,128,128,16384,1
eyeR,1512,eyeR,standard,512,512,128,128,128,16384,1
eyebrowL,23892,eyebrowL,fcSet4,512,512,64,64,64,4096,1
eyebrowR,23891,eyebrowR,fcSet4,512,512,64,64,64,4096,1
face,20320,face,humanZ,2048,2048,2048,2048,2048,4194304,1
feetL,21819,feetL,coldWeather,512,512,512,512,512,262144,1
feetR,21818,feetR,coldWeather,512,512,512,512,512,262144,1
gloves0L,2097,glovesL,mummy,256,256,256,256,256,65536,1
gloves0R,2096,glovesR,mummy,256,256,256,256,256,65536,1
glovesL,23187,glovesL,fantasyBarbarianGloves,256,256,256,256,256,65536,1
glovesR,23186,glovesR,fantasyBarbarianGloves,256,256,256,256,256,65536,1
hairZ,23482,hairZ,bunLowBraidedStraight,256,256,256,256,256,65536,1
helm,400000,helm,crownFloral,512,512,256,256,256,65536,1
hornFrontHumanL,24136,hornSharedL,elkV2,1024,1024,512,512,512,262144,1
hornFrontHumanR,24135,hornSharedR,elkV2,1024,1024,512,512,512,262144,1
humanEarLowerL,23069,earSharedL,halfElf,512,512,128,128,128,16384,1
humanEarLowerR,23068,earSharedR,halfElf,512,512,128,128,128,16384,1
humanTongue,24088,tongueShared,humanLike,512,512,64,64,64,4096,1
itemL,22122,itemL,daggerNightNature,256,256,256,256,256,65536,1
itemR,22121,itemR,daggerNightNature,256,256,256,256,256,65536,1
label,1011,label,yourCharacterName,256,32,32,32,32,1024,1
legsOuter,23163,legs,fantasyBarbarianSkirt,1024,1024,512,512,512,262144,1
sideItemR,24023,itemR,flowingRibbonTriple,1024,1024,512,512,512,262144,1
teethHumanLowerMiddle,23297,teethSharedLowerMiddle,fcTeethZ,512,512,128,128,128,16384,1
teethHumanUpperMiddle,23426,teethSharedUpperMiddle,orcTeeth,128,128,64,64,64,4096,1
bodyUpper0,1963,bodyUpper,human,2048,2048,2048,512,512,262144,2
sideItemBindR,10161,itemBindR,connect,512,512,128,128,128,16384,1
k_0,25351,tailShared,braidHorse,1024,1024,512,512,512,262144,11
k_1,25351,tailShared,braidHorse,1024,1024,512,512,512,262144,11
k_10,25351,tailShared,braidHorse,1024,1024,512,512,512,262144,11
k_11,25351,tailShared,braidHorse,1024,1024,512,512,512,262144,11
k_12,25351,tailShared,braidHorse,1024,1024,512,512,512,262144,11
k_13,23661,hairZ,recedingLong,256,256,256,256,256,65536,1
k_14,25351,tailShared,braidHorse,1024,1024,512,512,512,262144,11
k_15,23647,hairZ,baldPonytailLong,256,256,256,256,256,65536,3
k_16,25351,tailShared,braidHorse,1024,1024,512,512,512,262144,11
k_17,2679,ring,plainWeddingBand,512,512,32,32,32,1024,2
k_2,22099,helm,starCirclet,512,512,128,128,128,16384,1
k_3,2679,ring,plainWeddingBand,512,512,32,32,32,1024,2
k_4,25351,tailShared,braidHorse,1024,1024,512,512,512,262144,11
k_5,25351,tailShared,braidHorse,1024,1024,512,512,512,262144,11
k_6,25351,tailShared,braidHorse,1024,1024,512,512,512,262144,11
k_7,23647,hairZ,baldPonytailLong,256,256,256,256,256,65536,3
k_8,23647,hairZ,baldPonytailLong,256,256,256,256,256,65536,3
k_9,25351,tailShared,braidHorse,1024,1024,512,512,512,262144,11
